{
    "normals":[-0.934004,-0.340305,0.108764,-0.977363,-0.210994,-0.0155688,-0.63695,0.765259,0.0931305,0.293514,-0.730598,-0.616503,-0.504066,0.4132,0.758409,-0.453905,0.490555,0.743859,0.121935,-0.48893,-0.863759,-0.933597,0.147849,-0.3264,0.506743,-0.315187,-0.802414,0.752806,0.638572,-0.159716,0.481829,-0.669727,-0.565072,0.115732,-0.759095,-0.640609,0.976359,0.135217,-0.168639,0.773174,0.490322,0.402226,0.889475,0.181375,0.419449,-0.959097,-0.27885,0.0487405,-0.77183,0.588326,0.241145,0.0190343,-0.984941,-0.171838,0.3048,0.295726,-0.905341,-0.629651,-0.547784,-0.550883,0.898032,0.351972,-0.263922,-0.300827,-0.810674,0.502305,-0.48807,-0.798141,0.353211,-0.421594,0.195019,0.885566,0.678763,-0.710064,-0.187322,-0.705561,0.458006,-0.540753,0.572009,-0.780113,0.253435,0.614787,-0.39639,-0.681845,0.656628,0.070494,-0.750912,-0.757463,-0.040272,0.651634,-0.705348,-0.56378,0.429694,0.184813,0.830189,-0.525956,-0.496781,0.826573,-0.264547,-0.775151,0.606537,0.17679,0.850479,0.322855,0.41527,-0.521119,-0.50555,-0.687644,0.68309,0.0770035,0.726263,-0.452268,0.31448,-0.8346,0.592176,0.66326,-0.457618,-0.583123,0.643889,-0.495353,-0.554658,0.632559,0.540577,0.547432,0.594361,0.589113,0.535557,0.0453709,0.843279,-0.688658,0.212181,0.693347,-0.657859,0.078197,-0.74907,0.673795,0.138285,-0.725863,0.609055,-0.43206,-0.665114,-0.657183,0.0138783,-0.753603,-0.605914,-0.347718,0.715515,-0.95,0.159854,0.268229,-0.496777,-0.447817,-0.74342,0.409124,-0.330661,0.850459,0.519997,-0.132433,0.843839,0.411397,0.0863918,0.907353,-0.929533,-0.16109,-0.331689,-0.808966,0.0196838,-0.587526,0.659916,0.19058,-0.726767,0.808818,0.0547388,-0.585506,0.905146,-0.194485,-0.378002,-0.388926,-0.283165,-0.876672,0.431915,0.141795,0.890699],
    "metadata":{
        "version":3,
        "vertices":45,
        "generator":"io_three",
        "normals":61,
        "faces":61,
        "type":"Geometry"
    },
    "vertices":[-0.300803,5.21962,-2.40982,0.00885725,4.34318,-1.87,-0.272946,3.89615,-0.299987,-0.611808,4.30357,-1.9352,-0.112233,5.25244,-1.3898,0.495805,4.47908,-1.61587,-0.717074,4.75391,-1.43012,0.00819606,2.5532,0.250924,0.081711,4.37467,-0.692596,-0.665864,1.42254,2.35015,-1.04231,2.15758,2.04951,0.535965,3.27878,3.76143,-0.146769,2.17102,3.71399,-0.958925,3.36221,3.36352,-0.605378,2.17641,3.56135,-0.434734,2.4976,2.96216,-0.344565,3.61621,2.75875,-0.139043,4.06988,3.69136,-0.0767336,3.39776,4.13828,0.212165,2.26134,3.32216,-0.102779,2.09515,2.51143,-0.361312,2.3378,1.09194,-0.861599,-0.655066,1.01502,0.304171,-0.577505,0.989137,-0.633588,2.43514,1.37986,-0.773859,3.72084,2.05479,-1.06225,0.635164,0.934365,-1.50921,1.8301,0.51324,-0.51002,5.2504,1.7559,-1.89499,3.60959,0.88243,-1.61025,5.10116,0.801648,-0.435947,6.14863,0.780838,1.19442,4.67411,0.753474,1.18849,3.17018,0.78912,0.0694638,1.56138,0.809495,0.36255,0.592642,0.821591,-1.34921,0.972115,1.59124,-1.09462,-0.525398,1.58873,-0.390343,5.39487,-0.25263,-0.114915,3.57968,-0.670439,-0.298634,0.856904,0.290523,-0.280229,-0.698967,-0.187097,-0.665864,1.42254,2.35015,-1.04231,2.15758,2.04951,-0.361312,2.3378,1.09194],
    "faces":[32,6,3,2,0,0,0,33,2,3,7,6,1,1,1,1,32,4,0,6,2,2,2,33,7,3,1,5,3,3,3,3,32,6,7,8,4,4,4,32,6,8,4,5,5,5,32,1,3,0,6,6,6,32,3,6,0,7,7,7,32,0,5,1,8,8,8,32,4,5,0,9,9,9,32,1,5,7,10,10,10,32,1,7,3,11,11,11,32,3,2,7,12,12,12,32,4,8,5,13,13,13,32,8,7,5,14,14,14,32,3,7,6,15,15,15,32,20,21,9,16,16,16,32,20,43,21,17,17,17,32,12,14,18,18,18,18,32,42,43,44,19,19,19,32,14,9,10,20,20,20,32,15,10,20,21,21,21,32,19,15,20,22,22,22,32,16,15,19,23,23,23,32,15,14,10,24,24,24,32,12,11,19,25,25,25,32,17,13,16,26,26,26,32,13,17,18,27,27,27,32,14,13,18,28,28,28,32,16,19,11,29,29,29,32,17,16,11,30,30,30,32,12,9,14,31,31,31,32,12,19,42,32,32,32,32,9,19,20,33,33,33,32,13,14,15,34,34,34,32,11,18,17,35,35,35,32,16,13,15,36,36,36,32,12,18,11,37,37,37,32,32,38,31,38,38,38,32,31,38,30,39,39,39,32,31,30,28,40,40,40,32,28,32,31,41,41,41,33,25,33,32,28,42,42,42,42,33,28,30,29,25,43,43,43,43,33,29,30,38,39,44,44,44,44,33,38,32,33,39,45,45,45,45,32,34,39,33,46,46,46,32,29,39,27,47,47,47,33,25,29,27,24,48,48,48,48,33,24,27,26,36,49,49,49,49,32,27,40,26,50,50,50,33,24,34,33,25,51,51,51,51,32,36,34,24,52,52,52,33,23,35,36,37,53,53,53,53,33,22,37,36,26,54,54,54,54,33,41,22,26,40,55,55,55,55,32,35,40,34,56,56,56,33,23,41,40,35,57,57,57,57,32,39,34,40,58,58,58,32,39,40,27,59,59,59,32,34,36,35,60,60,60]
}